{"cameraMode":{"drawMode":0,"name":"Shaded","section":"Shading Mode"},"sceneLighting":true,"audioPlay":false,"sceneViewState":{"m_AlwaysRefresh":false,"showFog":true,"showSkybox":true,"showFlares":true,"showImageEffects":true,"showParticleSystems":true,"showVisualEffectGraphs":true,"m_FxEnabled":true},"in2DMode":false,"pivot":{"x":35.2400016784668,"y":5.729999542236328,"z":-2.0199999809265138},"rotation":{"x":0.1674840897321701,"y":-0.02219967544078827,"z":0.0036831481847912075,"w":0.9856661558151245},"size":8.621026039123536,"orthographic":false}